LBP,,,,,,,,,,,,,,,,,,,,
LBP_product_id,LBP_code,LBP_family,LBP_description,LOB,Folder Tier 1,,,,,,,,,,,,,,,
20008,careerPageActivationPremiumPkg,CAREERPAGEACTIVATIONPKG,Career Page contract activation and premium service creation package,LTS,Career Pages,,,,,,,,,,,,,,,
20009,careerPageProvisionServiceWrapper,CAREERPAGEPROVISIONPKG,career premium service wrapper for career-contract premium features provision,LTS,Career Pages,,,,,,,,,,,,,,,
20010,careerPageGold,CCP,Gold career page,LTS,Career Pages,,,,,,,,,,,,,,,
20011,careerPageSilver,CCP,Silver career page,LTS,Career Pages,,,,,,,,,,,,,,,
20012,careerPagePlatinum,CCP,Platinum career page,LTS,Career Pages,,,,,,,,,,,,,,,
20013,careerPageScheduleGrant,CAREERPAGEGRANTSCHEDULE,career generic schedule grant,LTS,Career Pages,,,,,,,,,,,,,,,
115001,careerPageSilverPlus,CCP,Career pages - Silver plus,LTS,Career Pages,,,,,,,,,,,,,,,
115002,careerPageGoldPlus,CCP,Career pages - Gold plus,LTS,Career Pages,,,,,,,,,,,,,,,
130001,careerPageImpressions,CCP,Career pages - Ads Impressions,LTS,Career Pages,,,,,,,,,,,,,,,
130002,careerPageVariants,CCP,Career pages - Page variants,LTS,Career Pages,,,,,,,,,,,,,,,
130003,careerPageAnalyticsStandard,CCP,Career pages - Standard Analytics,LTS,Career Pages,,,,,,,,,,,,,,,
130004,careerPageAnalyticsEnhanced,CCP,Career pages - Enhanced Analytics,LTS,Career Pages,,,,,,,,,,,,,,,
130005,careerPageVariantsUnlimited,CCP,Career pages - Unlimited Page Variants,LTS,Career Pages,,,,,,,,,,,,,,,
130006,careerPageSmbStarter,CCP,Career Pages - SMB starter package,LTS,Career Pages,,,,,,,,,,,,,,,
130007,careerPageSmbBasic,CCP,Career Pages - SMB basic package,LTS,Career Pages,,,,,,,,,,,,,,,
130008,careerPageSmbAdvanced,CCP,Career Pages - SMB advanced package,LTS,Career Pages,,,,,,,,,,,,,,,
130009,careerPageSmbPremium,CCP,Career Pages - SMB premium package,LTS,Career Pages,,,,,,,,,,,,,,,
130010,careerPageSmbInternational,CCP,Career Pages - SMB international package,LTS,Career Pages,,,,,,,,,,,,,,,
130011,careerPageEnterpriseBasic,CCP,Career Pages - Enterprise basic package,LTS,Career Pages,,,,,,,,,,,,,,,
130012,careerPageEnterpriseAdvanced,CCP,Career Pages - Enterprise advanced package,LTS,Career Pages,,,,,,,,,,,,,,,
130013,careerPageEnterprisePremium,CCP,Career Pages - Enterprise premium package,LTS,Career Pages,,,,,,,,,,,,,,,
130014,careerPageEnterpriseInternational,CCP,Career Pages - Enterprise international package,LTS,Career Pages,,,,,,,,,,,,,,,
130015,careerPageLargeEnterpriseBasic,CCP,Career Pages - Large Enterprise basic package,LTS,Career Pages,,,,,,,,,,,,,,,
130016,careerPageLargeEnterpriseAdvanced,CCP,Career Pages - Large Enterprise advanced package,LTS,Career Pages,,,,,,,,,,,,,,,
130017,careerPageLargeEnterprisePremium,CCP,Career Pages - Large Enterprise premium package,LTS,Career Pages,,,,,,,,,,,,,,,
130018,careerPageLargeEnterpriseInternational,CCP,Career Pages - Large Enterprise international package,LTS,Career Pages,,,,,,,,,,,,,,,
130019,careerPageMultiNationalStarter,CCP,Career Pages - Multi National starter package,LTS,Career Pages,,,,,,,,,,,,,,,
130020,careerPageMultiNationalBasic,CCP,Career Pages - Multi National basic package,LTS,Career Pages,,,,,,,,,,,,,,,
130021,careerPageMultiNationalAdvanced,CCP,Career Pages - Multi National advanced package,LTS,Career Pages,,,,,,,,,,,,,,,
130022,careerPageMultiNationalPremium,CCP,Career Pages - Multi National premium package,LTS,Career Pages,,,,,,,,,,,,,,,
130023,careerPageStaffingStarter,CCP,Career Pages - Staffing Starter package,LTS,Career Pages,,,,,,,,,,,,,,,
130024,careerPageStaffingBasic,CCP,Career Pages - Staffing Basic package,LTS,Career Pages,,,,,,,,,,,,,,,
130025,careerPageStaffingAdvanced,CCP,Career Pages - Staffing advanced package,LTS,Career Pages,,,,,,,,,,,,,,,
130026,careerPageStaffingPremium,CCP,Career Pages - Staffing premium package,LTS,Career Pages,,,,,,,,,,,,,,,
130027,careerPageStaffingUnlimited,CCP,Career Pages - Staffing unlimited package,LTS,Career Pages,,,,,,,,,,,,,,,
130028,careerPageEmergingMarketSmb,CCP,Career Pages - Emerging Market SMB package,LTS,Career Pages,,,,,,,,,,,,,,,
130029,careerPageEmergingMarketEnterprise,CCP,Career Pages - Emerging Market Enterprise package,LTS,Career Pages,,,,,,,,,,,,,,,
5066202,GeoFencedRecruiter,RECRUITERPKG,Geo-Fenced Recruiter provides a geo limited version of the Recruiter product that aligns with the ordering party's country.,LTS,GeoFenced,,,,,,,,,,,,,,,
5066212,GeoFencedJobs,CAPJOBSLOT,Geo-Fenced Jobs provides a geo limited version of the Jobs product that aligns with the ordering party's country.,LTS,GeoFenced,,,,,,,,,,,,,,,
5066602,GeoFencedRecruiterIndia,RECRUITERPKG,The Geo-Fenced Services purchased under this Order Form are restricted to use within India only.,LTS,GeoFenced,,,,,,,,,,,,,,,
5066612,GeoFencedJobsIndia,CAPJOBSLOT,The Geo-Fenced Services purchased under this Order Form are restricted to use within India only.,LTS,GeoFenced,,,,,,,,,,,,,,,
5066622,GeoFencedRecruiterBrazil,RECRUITERPKG,The Geo-Fenced Services purchased under this Order Form are restricted to use within Brazil only.,LTS,GeoFenced,,,,,,,,,,,,,,,
5066632,GeoRecruiterSMBBrazil,RECRUITERPKG,The Geo-Fenced Services purchased under this Order Form are restricted to use within Brazil only.,LTS,GeoFenced,,,,,,,,,,,,,,,
5069165,GlintPSLed,GlintPS,"Vision and Strategy
 A PSC guides client through a 60-90-minute meeting to discover key company priorities, HR priorities, and culture elements to establish program objectives/goals and inform program design activities across all software elements. This is done on a yearly basis as needed and program objectives are reviewed during Partnership Review meetings.
 Design Support
 A PSC provides clients with recommendations on content and configuration design (questionnaire, cadence, audience, etc.) for up to 3 programs (I.e., Engage, Onboarding, 360, Feedback, etc.) each year depending on the software purchased.
 Insight Reviews
 A PSC provides clients with an org level results presentation highlighting: engagement performance, response rate, comment topics, key drivers, recommended focus areas, and suggested actions. Each year a client will receive two insight-review presentations. Insight Reviews are intended for the executive/leadership team and are primarily slide format using the Glint Platform as a supplement, these presentations may incorporate results from multiple programs/software to show connections between programs (Cross Program Insights) depending on purchased software. Prior to each Insight Review Glint and client will align on research questions to explore and provide a preview of the presentation prior to presenting to the executive team. 
 Analytics Feasibility Study  
 Upon request no more than once a year, the Glint People Science team will meet with the customer in a discovery meeting to determine the plausibility of performing an advanced analytics project such as linkage or custom reporting outside of the Glint platform. If useful insights seem likely, Glint will make a recommendation for such an analytics project that will meet the customer’s needs.
 Partnership Support (GPR)
 Your PSC participates in bi-annual/quarterly reviews of the partnership to confirm/update/modify program objectives and identify ways to improve the overall relationship.",LTS,Glint,,,,,,,,,,,,,,,
5069175,GlintPSPlatinumAdmin,GlintPS,"An assigned CSM will be appointed as customer’s strategic partner and customer advocate responsible for overall program management, platform optimization, best practices, and coaching. Glint-led administration across all products purchased on behalf of the customer. In addition, Assigned Customer Success Manager and Technical Success Manager will lead the implementation, including but not limited to project management, best practices, and configuring products purchased using Glint best practices tailored to customer's needs.",LTS,Glint,,,,,,,,,,,,,,,
5069185,GlintPSThoughtPartnership,GlintPS,"Glint will partner with you to help bring people success behaviors to your organization. Our goal in working together is to equip and empower you to drive transformation and successfully manage your own people success programs moving forward. In this package a People Science Consultant (PSC) will work with you as a thought partner in helping to develop a vision for your people success program(s). Based on your strategic priorities and Glint's research, we will advise you on the design of your People Success program(s). Once your survey closes, together we will explore the insights in your platform, show you how you can use the platform to find your own insights moving forward, and enable you to take action on your results. Your package will include a People Science Consultant to lead three meetings: (1) Strategy & Design meeting [60-minute meeting], (1) Live Platform Exploration meeting [60-minute meeting], and (1) Transformation Continuation meeting [60-minute meeting].",LTS,Glint,,,,,,,,,,,,,,,
5069195,GlintPSCustom,GlintPSCustom,This option is intended to provide additional support for specific services (see table of services) beyond what is provided in a clients’ People Science Package. It is a prerequisite to have current People Science Package.,LTS,Glint,,,,,,,,,,,,,,,
5069201,GlintEngage,GlintSoftware,"Scheduled recurring, ad-hoc & always-on Surveys to measure employee engagement, team effectiveness, or manager effectiveness. Includes Standard Support, up to 5 Named System Administrators, & OnDemandSurveys.",LTS,Glint,,,,,,,,,,,,,,,
5069211,GlintEngage1Survey,GlintSoftware,"One Glint administered, scheduled, ad-hoc or always-on Survey to measure employee engagement, team effectiveness, or manager effectiveness.Includes Standard Support. Platinum Coach or Admin Customer Success Service must be purchased.",LTS,Glint,,,,,,,,,,,,,,,
5069221,GlintFeedbackandConvos,GlintSoftware,"Glint Feedback and Conversations enables employees to request, provide, and take action on development feedback using Anytime Feedback & Recognition and Development Goals modules. Customers with this SKU will also have access to any future features",LTS,Glint,,,,,,,,,,,,,,,
5069231,GlintLifecycle,GlintSoftware,"Automatically triggered Surveys that are triggered by a set period of time after an event like onboarding, promotion, role change, and/or end of employment/exit. Includes Standard Support, up to 5 Named System Admins, and OnDemandSurveys.",LTS,Glint,,,,,,,,,,,,,,,
5069241,Glint360s,GlintSoftware,"The Glint 360s Module is a multi-rater employee feedback tool intended to enable employees to obtain a holistic review of their strengths and growth opportunities based on input from peers, collaborators, direct reports and managers (such reviews, ?360 Reviews?). This Module is intended to enable human resources professionals to quickly initiate 360 Reviews for Customer employees and to provide the employees with actionable feedback following the completion of the 360 Reviews.",LTS,Glint,,,,,,,,,,,,,,,
5069251,GlintEngageandLifecycle,GlintSoftware,"This bundle includes scheduled recurring, ad-hoc & always-on Surveys to measure employee engagement, team effectiveness, manager effectiveness, and/or diversity & inclusion, plus automatically triggered Surveys that are triggered by a set period of time after an event like onboarding, promotion, role change, and/or end of employment/exit. Includes Standard Support, up to 5 Named System Admins, and OnDemandSurveys.",LTS,Glint,,,,,,,,,,,,,,,
5069261,GlintPeopleSuccess,GlintSoftware,"People Success is a product bundle with access to all Glint product features to measure and deliver insight into the employee experience, launch development feedback programs, and provide suggested actions and learning. This bundle includes Glint’s Engage, Lifecycle, 360s, Anytime Feedback & Recognition, and Development Goals modules, as well as any future features. Includes Standard Support, up to 5 Named System Admins, and OnDemandSurveys.",LTS,Glint,,,,,,,,,,,,,,,
1001,inMail1,INM,Original productID : inMail1,,InMail,,,,,,,,,,,,,,,#N/A
1002,inMail3,INM,Original productID : inMail3,,InMail,,,,,,,,,,,,,,,
1003,inMail5,INM,Original productID : inMail5,,InMail,,,,,,,,,,,,,,,
1004,inMail10,INM,Original productID : inMail10,,InMail,,,,,,,,,,,,,,,
1005,inMail5OneMonth,INM,5 inmails for one month,,InMail,,,,,,,,,,,,,,,
1006,inMailUse,INMUSE,Product to send an inmail,,InMail,,,,,,,,,,,,,,,
20020,capInMail10,CAPINMAIL,CAP InMail,,InMail,,,,,,,,,,,,,,,
5192852,RecruiterInMail10,INM,Recruiter InMail 10 pack,,InMail,,,,,,,,,,,,,,,
117013,jobPack1T1_1000,VC,Job Pack 1 Geo Tier 1 Title Tier 1000,LTS,Jobs,,,,,,,,,,,,,,,
130030,jobsPostpayPkg,JOBSPKG,Jobs Post-pay Package used to create and activate a job premium service,LTS,Jobs,,,,,,,,,,,,,,,
130031,jobsRChargeServiceWrapper,JOBSRCHARGEPKG,Jobs recurring charges premium service wrapper (wraps around job recurring charge lines),LTS,Jobs,,,,,,,,,,,,,,,
130032,jobsRCharge,JOBSRCHARGE,Jobs recurring charges,LTS,Jobs,,,,,,,,,,,,,,,
130033,jobsPostpayActivation,JOBSPKG,Jobs post-pay package used to create and activate a job premium service without simultaneously posting a job,LTS,Jobs,,,,,,,,,,,,,,,
1100,jobTalentMatchBundle,JTMB,Original productID2 : jobTalentMatchBundle,LTS,Jobs,,,,,,,,,,,,,,,
1101,jobTalentMatch,JTM,Original productID2 : jobTalentMatch,LTS,Jobs,,,,,,,,,,,,,,,
1102,jobListing,J,Original productID2 : jobListing,LTS,Jobs,,,,,,,,,,,,,,,
1103,jobPack1T1,VC,Job Credit (Tier 1),LTS,Jobs,,,,,,,,,,,,,,,
1104,jobPack5T1,VC,Job Pack 5 (Tier 1),LTS,Jobs,,,,,,,,,,,,,,,
1105,jobPack10T1,VC,Job Pack 10 (Tier 1),LTS,Jobs,,,,,,,,,,,,,,,
1106,jobPack1T2,VC,Job Credit (Tier 2),LTS,Jobs,,,,,,,,,,,,,,,
1107,jobPack5T2,VC,Job Pack 5 (Tier 2),LTS,Jobs,,,,,,,,,,,,,,,
1108,jobPack10T2,VC,Job Pack 10 (Tier 2),LTS,Jobs,,,,,,,,,,,,,,,
1109,jobPack1T3,VC,Job Credit (Tier 3),LTS,Jobs,,,,,,,,,,,,,,,
1110,jobPack5T3,VC,Job Pack 5 (Tier 3),LTS,Jobs,,,,,,,,,,,,,,,
1111,jobPack10T3,VC,Job Pack 10 (Tier 3),LTS,Jobs,,,,,,,,,,,,,,,
1112,jobPack1T4,VC,Job Credit (Tier 4),LTS,Jobs,,,,,,,,,,,,,,,
1113,jobPack5T4,VC,Job Pack 5 (Tier 4),LTS,Jobs,,,,,,,,,,,,,,,
1114,jobPack10T4,VC,Job Pack 10 (Tier 4),LTS,Jobs,,,,,,,,,,,,,,,
1115,jobbogoT1,JBOGO,Job Bogo for Tier 1,LTS,Jobs,,,,,,,,,,,,,,,
1116,jobbogoT2,JBOGO,Job Bogo for Tier 2,LTS,Jobs,,,,,,,,,,,,,,,
1117,jobbogoT3,JBOGO,Job Bogo for Tier 3,LTS,Jobs,,,,,,,,,,,,,,,
1118,jobbogoT4,JBOGO,Job Bogo for Tier 4,LTS,Jobs,,,,,,,,,,,,,,,
1119,jobPack1T0,VC,Job Credit (Tier 0),LTS,Jobs,,,,,,,,,,,,,,,
1120,jobPack5T0,VC,Job Pack 5 (Tier 0),LTS,Jobs,,,,,,,,,,,,,,,
1121,jobPack10T0,VC,Job Pack 10 (Tier 0),LTS,Jobs,,,,,,,,,,,,,,,
1122,jobbogoT0,JBOGO,Job Bogo for Tier 0,LTS,Jobs,,,,,,,,,,,,,,,
1123,jobListing60d,J,60-day job listing,LTS,Jobs,,,,,,,,,,,,,,,
1124,jobTalentMatchBundle,JTMB,Free Job Talent Match Bundle,LTS,Jobs,,,,,,,,,,,,,,,
1309,jobAdsPostpayPkg,ADSPKG,Job Ads Post-pay Package,LTS,Jobs,,,,,,,,,,,,,,,
1310,jobAdsPostpayActivation,JOBADS,Job Ads Campaign,LTS,Jobs,,,,,,,,,,,,,,,
80005,jobbogoT10000,JBOGO,Job Bogo for Tier 10000,LTS,Jobs,,,,,,,,,,,,,,,
80006,jobPack1T10000,VC,Job Credit (Tier 10000),LTS,Jobs,,,,,,,,,,,,,,,
80007,jobPack5T10000,VC,Job Pack 5 (Tier 10000),LTS,Jobs,,,,,,,,,,,,,,,
80008,jobPack10T10000,VC,Job Pack 10 (Tier 10000),LTS,Jobs,,,,,,,,,,,,,,,
90003,jobbogoT10001,JBOGO,Job Bogo for Tier 10001,LTS,Jobs,,,,,,,,,,,,,,,
90004,jobPack1T10001,VC,Job Credit (Tier 10001),LTS,Jobs,,,,,,,,,,,,,,,
90005,jobPack5T10001,VC,Job Pack 5 (Tier 10001),LTS,Jobs,,,,,,,,,,,,,,,
90006,jobPack10T10001,VC,Job Pack 10 (Tier 10001),LTS,Jobs,,,,,,,,,,,,,,,
117014,jobPack1T1_2000,VC,Job Pack 1 Geo Tier 1 Title Tier 2000,LTS,Jobs,,,,,,,,,,,,,,,
117015,jobPack1T1_3000,VC,Job Pack 1 Geo Tier 1 Title Tier 3000,LTS,Jobs,,,,,,,,,,,,,,,
117016,jobPack5T1_1000,VC,Job Pack 5 Geo Tier 1 Title Tier 1000,LTS,Jobs,,,,,,,,,,,,,,,
117017,jobPack5T1_2000,VC,Job Pack 5 Geo Tier 1 Title Tier 2000,LTS,Jobs,,,,,,,,,,,,,,,
117018,jobPack5T1_3000,VC,Job Pack 5 Geo Tier 1 Title Tier 3000,LTS,Jobs,,,,,,,,,,,,,,,
117019,jobPack10T1_1000,VC,Job Pack 10 Geo Tier 1 Title Tier 1000,LTS,Jobs,,,,,,,,,,,,,,,
117020,jobPack10T1_2000,VC,Job Pack 10 Geo Tier 1 Title Tier 2000,LTS,Jobs,,,,,,,,,,,,,,,
117021,jobPack10T1_3000,VC,Job Pack 10 Geo Tier 1 Title Tier 3000,LTS,Jobs,,,,,,,,,,,,,,,
117022,jobPack1T0_1000,VC,Job Pack 1 Geo Tier 0 Title Tier 1000,LTS,Jobs,,,,,,,,,,,,,,,
117023,jobPack1T0_2000,VC,Job Pack 1 Geo Tier 0 Title Tier 2000,LTS,Jobs,,,,,,,,,,,,,,,
117024,jobPack1T0_3000,VC,Job Pack 1 Geo Tier 0 Title Tier 3000,LTS,Jobs,,,,,,,,,,,,,,,
117025,jobPack5T0_1000,VC,Job Pack 5 Geo Tier 0 Title Tier 1000,LTS,Jobs,,,,,,,,,,,,,,,
117026,jobPack5T0_2000,VC,Job Pack 5 Geo Tier 0 Title Tier 2000,LTS,Jobs,,,,,,,,,,,,,,,
117027,jobPack5T0_3000,VC,Job Pack 5 Geo Tier 0 Title Tier 3000,LTS,Jobs,,,,,,,,,,,,,,,
117028,jobPack10T0_1000,VC,Job Pack 10 Geo Tier 0 Title Tier 1000,LTS,Jobs,,,,,,,,,,,,,,,
117029,jobPack10T0_2000,VC,Job Pack 10 Geo Tier 0 Title Tier 2000,LTS,Jobs,,,,,,,,,,,,,,,
117030,jobPack10T0_3000,VC,Job Pack 10 Geo Tier 0 Title Tier 3000,LTS,Jobs,,,,,,,,,,,,,,,
117031,jobPack1T10000_1000,VC,Job Pack 1 Geo Tier 10000 Title Tier 1000,LTS,Jobs,,,,,,,,,,,,,,,
117032,jobPack1T10000_2000,VC,Job Pack 1 Geo Tier 10000 Title Tier 2000,LTS,Jobs,,,,,,,,,,,,,,,
117033,jobPack1T10000_3000,VC,Job Pack 1 Geo Tier 10000 Title Tier 3000,LTS,Jobs,,,,,,,,,,,,,,,
117034,jobPack5T10000_1000,VC,Job Pack 5 Geo Tier 10000 Title Tier 1000,LTS,Jobs,,,,,,,,,,,,,,,
117035,jobPack5T10000_2000,VC,Job Pack 5 Geo Tier 10000 Title Tier 2000,LTS,Jobs,,,,,,,,,,,,,,,
117036,jobPack5T10000_3000,VC,Job Pack 5 Geo Tier 10000 Title Tier 3000,LTS,Jobs,,,,,,,,,,,,,,,
117037,jobPack10T10000_1000,VC,Job Pack 10 Geo Tier 10000 Title Tier 1000,LTS,Jobs,,,,,,,,,,,,,,,
117038,jobPack10T10000_2000,VC,Job Pack 10 Geo Tier 10000 Title Tier 2000,LTS,Jobs,,,,,,,,,,,,,,,
117039,jobPack10T10000_3000,VC,Job Pack 10 Geo Tier 10000 Title Tier 3000,LTS,Jobs,,,,,,,,,,,,,,,
117040,jobPack1T10001_1000,VC,Job Pack 1 Geo Tier 10001 Title Tier 1000,LTS,Jobs,,,,,,,,,,,,,,,
117041,jobPack1T10001_2000,VC,Job Pack 1 Geo Tier 10001 Title Tier 2000,LTS,Jobs,,,,,,,,,,,,,,,
117042,jobPack1T10001_3000,VC,Job Pack 1 Geo Tier 10001 Title Tier 3000,LTS,Jobs,,,,,,,,,,,,,,,
117043,jobPack5T10001_1000,VC,Job Pack 5 Geo Tier 10001 Title Tier 1000,LTS,Jobs,,,,,,,,,,,,,,,
117044,jobPack5T10001_2000,VC,Job Pack 5 Geo Tier 10001 Title Tier 2000,LTS,Jobs,,,,,,,,,,,,,,,
117045,jobPack5T10001_3000,VC,Job Pack 5 Geo Tier 10001 Title Tier 3000,LTS,Jobs,,,,,,,,,,,,,,,
117046,jobPack10T10001_1000,VC,Job Pack 10 Geo Tier 10001 Title Tier 1000,LTS,Jobs,,,,,,,,,,,,,,,
117047,jobPack10T10001_2000,VC,Job Pack 10 Geo Tier 10001 Title Tier 2000,LTS,Jobs,,,,,,,,,,,,,,,
117048,jobPack10T10001_3000,VC,Job Pack 10 Geo Tier 10001 Title Tier 3000,LTS,Jobs,,,,,,,,,,,,,,,
5194064,jobsPrePaidCreditStandalone,ACCTBALJOBSPPC,LinkedIn Jobs prepaid credits that can be used on a future job promotion,,Jobs,,,,,,,,,,,,,,,
30001,LILEnterpriseEN,LILENTERPRISE,"LinkedIn Learning provides organizations with access to high-quality learning content, an intuitive and personalized learning experience and administrative capabilities to manage learners, recommend content and measure performance. Users will have access to all courses in English.",LTS,Learning,,,,,,,,,,,,,,,
30002,LILEnterpriseES,LILENTERPRISE,"LinkedIn Learning provides organizations with access to high-quality learning content, an intuitive and personalized learning experience and administrative capabilities to manage learners, recommend content and measure performance",LTS,Learning,,,,,,,,,,,,,,,
30003,LILEnterpriseFR,LILENTERPRISE,"LinkedIn Learning provides organizations with access to high-quality learning content, an intuitive and personalized learning experience and administrative capabilities to manage learners, recommend content and measure performance",LTS,Learning,,,,,,,,,,,,,,,
30004,LILEnterpriseDE,LILENTERPRISE,"LinkedIn Learning provides organizations with access to high-quality learning content, an intuitive and personalized learning experience and administrative capabilities to manage learners, recommend content and measure performance",LTS,Learning,,,,,,,,,,,,,,,
30005,LILEnterpriseJP,LILENTERPRISE,"LinkedIn Learning provides organizations with access to high-quality learning content, an intuitive and personalized learning experience and administrative capabilities to manage learners, recommend content and measure performance",LTS,Learning,,,,,,,,,,,,,,,
5033272,LILEnterpriseALL,LILENTERPRISE,"LinkedIn Learning provides organizations with access to high-quality learning content, an intuitive and personalized learning experience and administrative capabilities to manage learners, recommend content and measure performance.",LTS,Learning,,,,,,,,,,,,,,,
5050445,LILAcademic,LILENTERPRISE,"LinkedIn Learning provides organizations with access to high-quality learning content, an intuitive and personalized learning experience and administrative capabilities to manage learners, recommend content and measure performance.",LTS,Learning,,,,,,,,,,,,,,,
5056604,LILLibrary,LILENTERPRISE,"LinkedIn Learning for Library provides access to high-quality learning content (includes all languages available). Includes one master admin complimentary user. QTY reflects total
 population served.",LTS,Learning,,,,,,,,,,,,,,,
5068275,LILGovernment,LILENTERPRISE,"LinkedIn Learning provides organizations with access to high-quality learning content, an intuitive and personalized learning experience and administrative capabilities to manage learners, recommend content and measure performance.",LTS,Learning,,,,,,,,,,,,,,,
5050435,LILPartialCampusCommunity,LILENTERPRISE,"LinkedIn Learning for community colleges and vocational schools purchasing site license for specific defined audiences: faculty & staff, students, or departments",LTS,Learning,,,,,,,,,,,,,,,
5052476,LILProEN,LILENTERPRISE,"LinkedIn Learning Pro provides access to our own high-quality learning content alongside learning content hand-selected by you, all delivered through an intuitive, easy-to-use experience.",LTS,Learning,,,,,,,,,,,,,,,
5052486,LILProES,LILENTERPRISE,"LinkedIn Learning Pro provides access to our own high-quality learning content alongside learning content hand-selected by you, all delivered through an intuitive, easy-to-use experience.",LTS,Learning,,,,,,,,,,,,,,,
5052496,LILProDE,LILENTERPRISE,"LinkedIn Learning Pro provides access to our own high-quality learning content alongside learning content hand-selected by you, all delivered through an intuitive, easy-to-use experience.",LTS,Learning,,,,,,,,,,,,,,,
5052506,LILProFR,LILENTERPRISE,"LinkedIn Learning Pro provides access to our own high-quality learning content alongside learning content hand-selected by you, all delivered through an intuitive, easy-to-use experience.",LTS,Learning,,,,,,,,,,,,,,,
5052516,LILProJP,LILENTERPRISE,"LinkedIn Learning Pro provides access to our own high-quality learning content alongside learning content hand-selected by you, all delivered through an intuitive, easy-to-use experience.",LTS,Learning,,,,,,,,,,,,,,,
5052526,LILProALL,LILENTERPRISE,"LinkedIn Learning Pro provides access to our own high-quality learning content alongside learning content hand-selected by you, all delivered through an intuitive, easy-to-use experience.",LTS,Learning,,,,,,,,,,,,,,,
5050405,LILFullCampus,LILENTERPRISE,"LinkedIn Learning for Higher Education institutions purchasing site license for the entire campus, including faculty, staff, and students.",LTS,Learning,,,,,,,,,,,,,,,
5050415,LILPartialCampus,LILENTERPRISE,"LinkedIn Learning for Higher Education institutions purchasing site license for the entire campus, including faculty, staff, and students.",LTS,Learning,,,,,,,,,,,,,,,
5050425,LILFullCampusCommunity,LILENTERPRISE,"LinkedIn Learning for community colleges and vocational schools purchasing site license for the entire campus, including faculty, staff, and students",LTS,Learning,,,,,,,,,,,,,,,
5068287,LILProGovernment,LILENTERPRISE,"LinkedIn Learning Pro provides access to our own high-quality learning content alongside learning content hand-selected by you, all delivered through an intuitive, easy-to-use experience.",LTS,Learning,,,,,,,,,,,,,,,
5071249,LiLEnterpriseOnlineAll,LILENTERPRISE,"LinkedIn Learning for teams provides teams with access to high-quality learning content, an intuitive and personalized learning experience, and administrative capabilities to manage learners, recommend content, and measure learning engagement.",LTS,Learning,,,,,,,,,,,,,,,
5055478,LILContentTier0,LILCONTENT,Learning Content Tier 0,LTS,Learning,,,,,,,,,,,,,,,
5055488,LILContentTier1,LILCONTENT,Learning Content Tier 1,LTS,Learning,,,,,,,,,,,,,,,
5055498,LILContentTier2,LILCONTENT,Learning Content Tier 2,LTS,Learning,,,,,,,,,,,,,,,
5055508,LILContentTier3,LILCONTENT,Learning Content Tier 3,LTS,Learning,,,,,,,,,,,,,,,
5055518,LILContentTier4,LILCONTENT,Learning Content Tier 4,LTS,Learning,,,,,,,,,,,,,,,
5055528,LILContentTier5,LILCONTENT,Learning Content Tier 5,LTS,Learning,,,,,,,,,,,,,,,
5055538,LILContentTier6,LILCONTENT,Learning Content Tier 6,LTS,Learning,,,,,,,,,,,,,,,
5059833,LILContentGermanTier0,LILCONTENT,German Learning Content Tier 0,LTS,Learning,,,,,,,,,,,,,,,
5059843,LILContentGermanTier1,LILCONTENT,German Learning Content Tier 1,LTS,Learning,,,,,,,,,,,,,,,
5059853,LILContentGermanTier2,LILCONTENT,German Learning Content Tier 2,LTS,Learning,,,,,,,,,,,,,,,
5059863,LILContentGermanTier3,LILCONTENT,German Learning Content Tier 3,LTS,Learning,,,,,,,,,,,,,,,
5059873,LILContentGermanTier4,LILCONTENT,German Learning Content Tier 4,LTS,Learning,,,,,,,,,,,,,,,
5059883,LILContentGermanTier5,LILCONTENT,German Learning Content Tier 5,LTS,Learning,,,,,,,,,,,,,,,
5059893,LILContentGermanTier6,LILCONTENT,German Learning Content Tier 6,LTS,Learning,,,,,,,,,,,,,,,
5059905,LILContentFrenchTier0,LILCONTENT,French Learning Content Tier 0,LTS,Learning,,,,,,,,,,,,,,,
5059915,LILContentFrenchTier1,LILCONTENT,French Learning Content Tier 1,LTS,Learning,,,,,,,,,,,,,,,
5059925,LILContentFrenchTier2,LILCONTENT,French Learning Content Tier 2,LTS,Learning,,,,,,,,,,,,,,,
5059935,LILContentFrenchTier3,LILCONTENT,French Learning Content Tier 3,LTS,Learning,,,,,,,,,,,,,,,
5059945,LILContentFrenchTier4,LILCONTENT,French Learning Content Tier 4,LTS,Learning,,,,,,,,,,,,,,,
5059955,LILContentFrenchTier5,LILCONTENT,French Learning Content Tier 5,LTS,Learning,,,,,,,,,,,,,,,
5059965,LILContentFrenchTier6,LILCONTENT,French Learning Content Tier 6,LTS,Learning,,,,,,,,,,,,,,,
5059978,LILContentSpanishTier0,LILCONTENT,Spanish Learning Content Tier 0,LTS,Learning,,,,,,,,,,,,,,,
5059988,LILContentSpanishTier1,LILCONTENT,Spanish Learning Content Tier 1,LTS,Learning,,,,,,,,,,,,,,,
5059998,LILContentSpanishTier2,LILCONTENT,Spanish Learning Content Tier 2,LTS,Learning,,,,,,,,,,,,,,,
5060008,LILContentSpanishTier3,LILCONTENT,Spanish Learning Content Tier 3,LTS,Learning,,,,,,,,,,,,,,,
5060018,LILContentSpanishTier4,LILCONTENT,Spanish Learning Content Tier 4,LTS,Learning,,,,,,,,,,,,,,,
5060028,LILContentSpanishTier5,LILCONTENT,Spanish Learning Content Tier 5,LTS,Learning,,,,,,,,,,,,,,,
5060038,LILContentSpanishTier6,LILCONTENT,Spanish Learning Content Tier 6,LTS,Learning,,,,,,,,,,,,,,,
5060048,LILContentPortugueseTier0,LILCONTENT,Portuguese Learning Content Tier 0,LTS,Learning,,,,,,,,,,,,,,,
5060058,LILContentPortugueseTier1,LILCONTENT,Portuguese Learning Content Tier 1,LTS,Learning,,,,,,,,,,,,,,,
5060068,LILContentPortugueseTier2,LILCONTENT,Portuguese Learning Content Tier 2,LTS,Learning,,,,,,,,,,,,,,,
5060078,LILContentPortugueseTier3,LILCONTENT,Portuguese Learning Content Tier 3,LTS,Learning,,,,,,,,,,,,,,,
5060088,LILContentPortugueseTier4,LILCONTENT,Portuguese Learning Content Tier 4,LTS,Learning,,,,,,,,,,,,,,,
5060098,LILContentPortugueseTier5,LILCONTENT,Portuguese Learning Content Tier 5,LTS,Learning,,,,,,,,,,,,,,,
5060108,LILContentPortugueseTier6,LILCONTENT,Portuguese Learning Content Tier 6,LTS,Learning,,,,,,,,,,,,,,,
5060111,LILContentMandarinTier0,LILCONTENT,Mandarin Learning Content Tier 0,LTS,Learning,,,,,,,,,,,,,,,
5060121,LILContentMandarinTier1,LILCONTENT,Mandarin Learning Content Tier 1,LTS,Learning,,,,,,,,,,,,,,,
5060131,LILContentMandarinTier2,LILCONTENT,Mandarin Learning Content Tier 2,LTS,Learning,,,,,,,,,,,,,,,
5060141,LILContentMandarinTier3,LILCONTENT,Mandarin Learning Content Tier 3,LTS,Learning,,,,,,,,,,,,,,,
5060151,LILContentMandarinTier4,LILCONTENT,Mandarin Learning Content Tier 4,LTS,Learning,,,,,,,,,,,,,,,
5060161,LILContentMandarinTier5,LILCONTENT,Mandarin Learning Content Tier 5,LTS,Learning,,,,,,,,,,,,,,,
5060171,LILContentMandarinTier6,LILCONTENT,Mandarin Learning Content Tier 6,LTS,Learning,,,,,,,,,,,,,,,
5060189,LILContentJapaneseTier0,LILCONTENT,Japanese Learning Content Tier 0,LTS,Learning,,,,,,,,,,,,,,,
5060199,LILContentJapaneseTier1,LILCONTENT,Japanese Learning Content Tier 1,LTS,Learning,,,,,,,,,,,,,,,
5060209,LILContentJapaneseTier2,LILCONTENT,Japanese Learning Content Tier 2,LTS,Learning,,,,,,,,,,,,,,,
5060219,LILContentJapaneseTier3,LILCONTENT,Japanese Learning Content Tier 3,LTS,Learning,,,,,,,,,,,,,,,
5060229,LILContentJapaneseTier4,LILCONTENT,Japanese Learning Content Tier 4,LTS,Learning,,,,,,,,,,,,,,,
5060239,LILContentJapaneseTier5,LILCONTENT,Japanese Learning Content Tier 5,LTS,Learning,,,,,,,,,,,,,,,
5060249,LILContentJapaneseTier6,LILCONTENT,Japanese Learning Content Tier 6,LTS,Learning,,,,,,,,,,,,,,,
5311202,LihaRCORPTier1,RECRUITERPKG,LinkedIn Hiring Assistant (LIHA) Base SKU for RCORP,LTS,LIHA,,,,,,,,,,,,,,,
5311212,LihaRCORPTier2,RECRUITERPKG,LinkedIn Hiring Assistant (LIHA) Middle SKU for RCORP,LTS,LIHA,,,,,,,,,,,,,,,
5311222,LihaRCORPTier3,RECRUITERPKG,LinkedIn Hiring Assistant (LIHA) Premium SKU for RCORP,LTS,LIHA,,,,,,,,,,,,,,,
5311232,LihaRPSTier1,RECRUITERPKG,LinkedIn Hiring Assistant (LIHA) Base SKU for RPS,LTS,LIHA,,,,,,,,,,,,,,,
5311242,LihaRPSTier2,RECRUITERPKG,LinkedIn Hiring Assistant (LIHA) Middle SKU for RPS,LTS,LIHA,,,,,,,,,,,,,,,
5311252,LihaRPSTier3,RECRUITERPKG,LinkedIn Hiring Assistant (LIHA) Premium SKU for RPS,LTS,LIHA,,,,,,,,,,,,,,,
117004,lyndaBasicMonthlyPackage,LYNDASUBSPKG,Lynda.com Standard Monthly Subscription,LTS,Lynda,,,,,,,,,,,,,,,
117005,lyndaBasicAnnualPackage,LYNDASUBSPKG,Lynda.com Standard Annual Subscription,LTS,Lynda,,,,,,,,,,,,,,,
117006,lyndaBasicMonthly,LYNDASUBS,Lynda Standard Subscription Monthly,LTS,Lynda,,,,,,,,,,,,,,,
117007,lyndaBasicAnnual,LYNDASUBS,Lynda Standard Subscription Annual,LTS,Lynda,,,,,,,,,,,,,,,
117008,lyndaPremiumMonthlyPackage,LYNDASUBSPKG,Lynda.com Premium Monthly Subscription,LTS,Lynda,,,,,,,,,,,,,,,
117009,lyndaPremiumAnnualPackage,LYNDASUBSPKG,Lynda.com Premium Annual Subscription,LTS,Lynda,,,,,,,,,,,,,,,
117010,lyndaPremiumMonthly,LYNDASUBS,Lynda Premium Subscription Monthly,LTS,Lynda,,,,,,,,,,,,,,,
117011,lyndaPremiumAnnual,LYNDASUBS,Lynda Premium Subscription Annual,LTS,Lynda,,,,,,,,,,,,,,,
5068293,LyndaLibrary,LILENTERPRISE,Lynda for library customers (English content only). Includes one master admin complimentary user.,LTS,Lynda,,,,,,,,,,,,,,,
117012,LDCPMPCert,LYNDACOURSE,Lynda PMP certification course,LTS,Lynda,,,,,,,,,,,,,,,
118022,LDCSubBundle,LDCBNDL,Bundle of Lynda product,LTS,Lynda,,,,,,,,,,,,,,,
5124922,PremiumPage,SUBPKG,Single-seat Premium for Page,Premium,Premium Company Page,,,,,,,,,,,,,,,
5095285,PremiumCareer,SUBPKG,Premium Career,Premium,Premium Generic Products,,,,,,,,,,,,,,,
5095295,PremiumBusiness,SUBPKG,Premium Business,Premium,Premium Generic Products,,,,,,,,,,,,,,,
5241848,PremiumCareerDuo,SUBPKG,NPI - 4882 PRODUCT Premium Career Duo,Premium,Premium Multiseat,,,,,,,,,,,,,,,
5241858,PremiumBusinessDuo,SUBPKG,NPI - 4882 PRODUCT Premium Business Duo,Premium,Premium Multiseat,,,,,,,,,,,,,,,
5255644,PremiumSmallBusiness,SUBPKG,NPI - 5012 Premium Small Business,Premium,Premium Small Business,,,,,,,,,,,,,,,
5083684,RecruiterLiteTeams,RECRUITERPKG,Recruiter Lite for Teams,LTS,RLite,,,,,,,,,,,,,,,
5002777,hiringPlatformSMBPack1,HPPKG,Hiring Platform SMB Solution Pack 1,LTS,SMB Solution,,,,,,,,,,,,,,,
5002787,hiringPlatformSMBPack2,HPPKG,Hiring Platform SMB Solution Pack 2,LTS,SMB Solution,,,,,,,,,,,,,,,
5002797,hiringPlatformSMBPack3,HPPKG,Hiring Platform SMB Solution Pack 3,LTS,SMB Solution,,,,,,,,,,,,,,,
5002807,hiringPlatformSMBPack4,HPPKG,Hiring Platform SMB Solution Pack 4,LTS,SMB Solution,,,,,,,,,,,,,,,
5002817,hiringPlatformSMBPack5,HPPKG,Hiring Platform SMB Solution Pack 5,LTS,SMB Solution,,,,,,,,,,,,,,,
5002827,hiringPlatformSMBPack6,HPPKG,Hiring Platform SMB Solution Pack 6,LTS,SMB Solution,,,,,,,,,,,,,,,
5002837,hiringPlatformSMBPack7,HPPKG,Hiring Platform SMB Solution Pack 7,LTS,SMB Solution,,,,,,,,,,,,,,,
1301,adsPostpayPkg,ADSPKG,Ads Post-pay Package,LMS,,,,,,,,,,,,,,,,
1302,adsPostpayActivation,ADS,Ads Post-pay account creation,LMS,,,,,,,,,,,,,,,,
1303,adsInvoicePkg,ADSPKG,Ads Invoice Package,LMS,,,,,,,,,,,,,,,,
1304,adsInvoiceActivation,ADS,Ads invoice activation,LMS,,,,,,,,,,,,,,,,
1305,adsRcharge,ADS,Ads recurring charges,LMS,,,,,,,,,,,,,,,,
1306,adsRchargeServiceWrapper,ADSRCHARGEPKG,Ads recurring charges premium service wrapper (wraps around campaign charges lines),LMS,,,,,,,,,,,,,,,,
1307,adsPostpayPkg,ADSPKG,Ads Post-pay Package,LMS,,,,,,,,,,,,,,,,
1308,adsInvoicePkg,ADSPKG,Ads Invoice Package,LMS,,,,,,,,,,,,,,,,
1322,scinAdsRcharge,ADS,SCIN Ads Recurring Charges,LMS,,,,,,,,,,,,,,,,
1326,nativeAdsRchargeLMS,ADS,Native Ads Recurring Charges (LMS; holder to reserve product id for NPI),LMS,,,,,,,,,,,,,,,,
5258741,adsPrePaidCredit,ACCTBALADSPPC,LinkedIn ads prepaid credits that can be used for boosting a job post,LMS,,,,,,,,,,,,,,,,
1327,spinMailRcharge,ADS,Sponsored inMail Recurring Charges,LMS,,,,,,,,,,,,,,,,
5139323,AdsFree,SUBPKG,Single-seat Ads Free SKU,LMS,,,,,,,,,,,,,,,,
5139331,AdsFreeEntitlements,ENT,Ads Free Entitlements,LMS,,,,,,,,,,,,,,,,
111000,LssBundleTier0,LSSPKG,Sales Solutions Bundle Tier 0,LSS,,,,,,,,,,,,,,,,
111100,LssSeatTier0,LSSSEAT,Sales Solutions Seat Tier 0,LSS,,,,,,,,,,,,,,,,
112000,LssBundleTier1,LSSSEAT,Sales Solutions Bundle Tier 1,LSS,,,,,,,,,,,,,,,,
112001,LssBundleTier1_20InMail,LSSPKG,Sales Solutions Bundle Tier 1(20 inMails),LSS,,,,,,,,,,,,,,,,
112100,LssSeatTier1,LSSSEAT,Sales Solutions Seat Tier 1,LSS,,,,,,,,,,,,,,,,
113000,LssBundleTier2,LSSPKG,Sales Solutions Bundle Tier 2,LSS,,,,,,,,,,,,,,,,
113100,LssSeatTier2,LSSSEAT,Sales Solutions Seat Tier 2,LSS,,,,,,,,,,,,,,,,
114100,LssAdminSeat,LSSSEAT,Sales Solutions Admin Seat,LSS,,,,,,,,,,,,,,,,
115000,LssInMail,LSSINMAIL,Sales Solutions InMail,LSS,,,,,,,,,,,,,,,,
124000,LssBundleTier3,LSSPKG,Sales Solutions Bundle Tier 3,LSS,,,,,,,,,,,,,,,,
124100,LssSeatTier3,LSSSEAT,Sales Solutions Seat Tier 3,LSS,,,,,,,,,,,,,,,,
124200,LssSeatTeamlinkExtend,LSSSEAT,Sales Solutions Teamlink Extend Seat,LSS,,,,,,,,,,,,,,,,
124300,LssUsageReportSeat,LSSSEAT,Sales Solutions Usage Report Seat,LSS,,,,,,,,,,,,,,,,
5073467,SalesNavigatorTier2,LSSPKG,Sales Navigator Tier 2 plan,LSS,,,,,,,,,,,,,,,,
5073477,SalesNavigatorTeamLinkExtend,LSSSEAT,Sales Navigator Teamlink Extend Seat,LSS,,,,,,,,,,,,,,,,
5106528,LBPSNTier1MS,LSSPKG,LBP Sales Navigator Core (multi-seats),LSS,,,,,,,,,,,,,,,,
5095305,SalesNavigatorTier1,LSSPKG,Sales Navigator Core,LSS,,,,,,,,,,,,,,,,
5064639,LssSeatTeamlinkExtendAddon,LSSSEAT,Additional TeamLink Extend seats purchased with Customer's Sales Navigator Advanced or Advanced Plus purchase,LSS,,,,,,,,,,,,,,,,
5070922,OnePremiumSalesNavTier1,LSSPKG,Sales Navigator Tier 1 plan,LSS,,,,,,,,,,,,,,,,
5277842,LssSeatTier5,LSSPKG,Sales Solutions Seat Tier 5 for Small Business,LSS,,,,,,,,,,,,,,,,
5002757,hiringPlatformSourcerSeat,HPSEAT,Hiring Platform Sourcer seat,LTS,,,,,,,,,,,,,,,,
5002767,hiringPlatformManagerSeat,HPSEAT,Hiring Platform Manager seat,LTS,,,,,,,,,,,,,,,,
5116529,PremiumCareerEntitlements,ENT,Premium Career Entitlements,Premium,,,,,,,,,,,,,,,,
5116539,PremiumBusinessEntitlements,ENT,Premium Business Entitlements,Premium,,,,,,,,,,,,,,,,
5124939,PremiumPageEntitlements,ENT,Premium Page Entitlements,Premium,,,,,,,,,,,,,,,,
1311,jymbiiAdsRcharge,ADS,Jymbii Ads recurring charges,,,,,,,,,,,,,,,,,
1312,capSponsoredJYMBII,CAPJOBADSPKG,Job Ads Offline Invoice Package,,,,,,,,,,,,,,,,,
1313,capJobAdsRchargeServiceWrapper,CAPADSRCHARGEPKG,Cap JobAds recurring charges premium service wrapper (wraps around campaign charges lines),,,,,,,,,,,,,,,,,
1314,capSponsoredJYMBII,CAPJOBADSPKG,Job Ads Offline Invoice Package,,,,,,,,,,,,,,,,,
1321,capPrepaidSponsoredJYMBII,CAPJOBADSPKG,Job Ads Offline Prepaid Package,,,,,,,,,,,,,,,,,
1323,scinAdsRchargeServiceWrapper,ADSRCHARGEPKG,SCIN Ads Recurring Charges Premium Service Wrapper (wraps around campaign charges lines),,,,,,,,,,,,,,,,,
1324,slideShareLeadGenRcharge,ADS,SlideShare LeadGen Recurring Charges,,,,,,,,,,,,,,,,,
1325,nativeAdsRchargeLTS,ADS,Native Ads Recurring Charges (LTS; holder to reserve product id for NPI),,,,,,,,,,,,,,,,,
1400,cashAccountBalance,ACCTBALCASH,cash account balance,,,,,,,,,,,,,,,,,
1500,csAccountBalance,ACCTBALCS,cs granted account balance,,,,,,,,,,,,,,,,,
1600,jymbiiAccountBalanceCreate,ACCTBALJYMBII,jymbii offline account balance creation,,,,,,,,,,,,,,,,,
1601,prepaidJymbiiAccountBalanceCreate,ACCTBALJYMBII,prepaid jymbii offline account balance creation,,,,,,,,,,,,,,,,,
1602,prepaidJymbiiAccountBalanceExpire,JYMBIIEXPIRE,prepaid jymbii offline account balance expiration,,,,,,,,,,,,,,,,,
1603,prepaidJymbiiExpireServiceWrapper,JYMBIIEXPIREPKG,premium service wrapper (wraps around expire charges and account balance),,,,,,,,,,,,,,,,,
9901,MigSubsStub,SUBPKG,Migration only Subs Package Stub,,,,,,,,,,,,,,,,,
9921,MigSubsSwap,MIGSWAPSUB,Auto Swap of Migration Sub to Regular Sub,,,,,,,,,,,,,,,,,
9922,MigSubsBadges,MIGBADGESUB,Basic badges for subscriptions - for Migration only,,,,,,,,,,,,,,,,,
9923,MigEntitlements,MIGENT,Entitlements - for Migration only,,,,,,,,,,,,,,,,,
10000,SubsExchange,SUBEXCHANGE,Used for calculating credit on old sub,,,,,,,,,,,,,,,,,
10001,SubsPersonalPlus,SUBPKG,Personal Plus subscription,,,,,,,,,,,,,,,,,
10002,SubsBusiness,SUBPKG,Business subscription,,,,,,,,,,,,,,,,,
10003,SubsBusinessPlus,SUBPKG,Business Plus subscription,,,,,,,,,,,,,,,,,
10004,SubsExecutive,SUBPKG,Executive subscription,,,,,,,,,,,,,,,,,
10005,SubsPro,SUBPKG,Pro subscription,,,,,,,,,,,,,,,,,
10006,SubsJobSeekerBasic,SUBPKG,Job Seeker Basic subscription,,,,,,,,,,,,,,,,,
10007,SubsJobSeeker,SUBPKG,Job Seeker subscription,,,,,,,,,,,,,,,,,
10008,SubsJobSeekerPlus,SUBPKG,Job Seeker Plus subscription,,,,,,,,,,,,,,,,,
10009,SubsJobSeekerPro,SUBPKG,Job Seeker Pro subscription,,,,,,,,,,,,,,,,,
10010,SubsTalentPersonal,SUBPKG,Talent Personal subscription,,,,,,,,,,,,,,,,,
10011,SubsTalentBasic,SUBPKG,Talent Basic subscription,,,,,,,,,,,,,,,,,
10012,SubsTalentFinder,SUBPKG,Talent Finder subscription,,,,,,,,,,,,,,,,,
10013,SubsTalentPro,SUBPKG,Talent Pro subscription,,,,,,,,,,,,,,,,,
10014,SubsBusiness2,SUBPKG,Business2 subscription,,,,,,,,,,,,,,,,,
10015,SubsBusinessPlus2,SUBPKG,BusinessPlus2 subscription,,,,,,,,,,,,,,,,,
10016,SubsExecutive2,SUBPKG,Executive2 subscription,,,,,,,,,,,,,,,,,
10017,SubsBusiness5inMail,SUBPKG,Business5inMail subscription,,,,,,,,,,,,,,,,,
10018,SubsProPlus,SUBPKG,Pro Plus subscription,,,,,,,,,,,,,,,,,
10019,SubsSFDC,SUBPKG,LinkedIn for Salesforce subscription,,,,,,,,,,,,,,,,,
10020,SubsSalesBasic,SUBPKG,Sales Basic subscription,,,,,,,,,,,,,,,,,
10021,SubsSalesNavigator,SUBPKG,Sales Navigator subscription,,,,,,,,,,,,,,,,,
10022,SubsSalesNavigatorPlus,SUBPKG,Sales Navigator Plus subscription,,,,,,,,,,,,,,,,,
10023,SubsSalesPro,SUBPKG,Sales Pro subscription,,,,,,,,,,,,,,,,,
10024,SubsSalesBasic2495,SUBPKG,Sales Basic subscription based on Business sub,,,,,,,,,,,,,,,,,
10025,SubsSalesBasic3995,SUBPKG,Sales Basic subscription based on LI4SF sub,,,,,,,,,,,,,,,,,
10026,SubsSalesTeamlink,SUBPKG,Sales Teamlink subscription,,,,,,,,,,,,,,,,,
10027,SubsSalesNavigatorWithoutCRM,SUBPKG,Sales Navigator subscription without the Salesforce,,,,,,,,,,,,,,,,,
10028,SubsSalesNavigatorPlusWithoutCRM,SUBPKG,Sales Navigator subscription without the Salesforce,,,,,,,,,,,,,,,,,
10029,SubsSalesProWithoutCRM,SUBPKG,Sales Navigator subscription without the Salesforce,,,,,,,,,,,,,,,,,
10030,SubsSpotlight,SUBPKG,Consumer Subscription plan,,,,,,,,,,,,,,,,,
10031,SubsJobSeekerLIL,SUBPKG,Job Seeker subscription with LIL,,,,,,,,,,,,,,,,,
10032,SubsJobSeekerLILPackage,SUBPKG,Bundle of Job Seeker subscription and LIL,,,,,,,,,,,,,,,,,
10033,SubsBusinessPlusWithLIL,SUBPKG,Bundle of Business Plus subscription and LIL,,,,,,,,,,,,,,,,,
10034,SubsJobSeekerWithLIL,SUBPKG,Bundle of Job Seeker subscription with Group and LIL,,,,,,,,,,,,,,,,,
10035,SubsExecutiveWithLIL,SUBPKG,Bundle of Executive subscription and LIL,,,,,,,,,,,,,,,,,
10036,SubsCareerWithLIL,SUBPKG,Bundle of Career subscription with Group and LIL,,,,,,,,,,,,,,,,,
10037,SubsCareerWithLynda,SUBPKG,Bundle of Career subscription with Group and LIL,,,,,,,,,,,,,,,,,
10038,SubsJobSeekerWithLynda,SUBPKG,Bundle of Career subscription with Group and LIL,,,,,,,,,,,,,,,,,
10039,SubsPremiumEssentials,SUBPKG,Premium Essentials Subscription,,,,,,,,,,,,,,,,,
10041,LILPremiumPkg,SUBPKG,LI Learning Premium Subscription,,,,,,,,,,,,,,,,,
11001,SubsInmails,INMSUB,Inmails for subscriptions,,,,,,,,,,,,,,,,,
12001,Entitlements,ENT,Entitlements,,,,,,,,,,,,,,,,,
13001,SubsBadges,BADGESUB,"Basic badges for subscriptions: openlink, subs icon",,,,,,,,,,,,,,,,,
14001,TeamRelationship,TEAM,TeamRelationship for provisioned bulk subscription,,,,,,,,,,,,,,,,,
20001,capActivationPremiumPkg,CAPACTIVATIONPKG,Cap contract activation and premium service creation package,,,,,,,,,,,,,,,,,
20002,capProvisionServiceWrapper,CAPPROVISIONPKG,Cap premium service wrapper for cap-contract premium features provision,,,,,,,,,,,,,,,,,
20003,capSourcerSeat,CAPSEAT,CAP contract seat,,,,,,,,,,,,,,,,,
20004,capJobSlot,CAPJOBSLOT,CAP job slot,,,,,,,,,,,,,,,,,
20005,capInMail,CAPINMAIL,CAP InMail,,,,,,,,,,,,,,,,,
20006,capScheduleGrant,CAPGRANTSCHEDULE,CAP generic schedule grant,,,,,,,,,,,,,,,,,
20007,financeContractLineUpdate,FINANCECONTRACTLINEUPDATE,Finance Contract Line Update,,,,,,,,,,,,,,,,,
20014,capAdminSeat,CAPSEAT,CAP Admin seat,,,,,,,,,,,,,,,,,
20015,capHiringManagerSeat,CAPSEAT,CAP Hiring Manager seat,,,,,,,,,,,,,,,,,
20016,capJobManagerSeat,CAPSEAT,CAP Job Manager seat,,,,,,,,,,,,,,,,,
20017,capTalentPipelineSeat,CAPSEAT,CAP Talent Pipeline seat,,,,,,,,,,,,,,,,,
20018,capSMBSeat,CAPSEAT,CAP Recruiter Online (SMB) seat,,,,,,,,,,,,,,,,,
20019,capProfileUnlock,CAPCREDITS,CAP Recruiter Online Profile Unlock,,,,,,,,,,,,,,,,,
20021,capAgency2Seat,CAPSEAT,CAP Agency2 Seat,,,,,,,,,,,,,,,,,
20024,capCheckinEventActivation,CAPCHECKIN,Activation of event to allow checkins to happen,,,,,,,,,,,,,,,,,
20025,capMiniSeat,CAPSEAT,CAP Recruiter Mini seat,,,,,,,,,,,,,,,,,
20026,capCheckinEventSingle,VCU,CAP CheckIn Events Single (1 Credit),,,,,,,,,,,,,,,,,
20028,onlineCapInMail5,CAPINMAIL,Free 5 CAP InMails for a job purchased online,,,,,,,,,,,,,,,,,
50001,SubsNusUpdate,NUSSUB,Free Subs Nus Update Option,,,,,,,,,,,,,,,,,
50002,JobSeekerBadge,BADGEJSS,Free Job Seeker Badge and Nus update option,,,,,,,,,,,,,,,,,
50003,JobFeatureApplication,JOBFEATUREAPP,Required Job Featured Application,,,,,,,,,,,,,,,,,
50004,JobSeekerGroup,JOBGROUP,Exclusive Job Seeker Group,,,,,,,,,,,,,,,,,
58001,referralScale,REFERRAL,Referral scale product,,,,,,,,,,,,,,,,,
58002,referralStrategic,REFERRAL,Referral stratigic product,,,,,,,,,,,,,,,,,
58003,referralFullSolution,REFERRAL,Referral full solution product,,,,,,,,,,,,,,,,,
60000,BULK,BULK_PURCHASE,Bulk Purchase,,,,,,,,,,,,,,,,,
60001,bulkSubsOfflineProvisionServiceWrapper,BULKSUBSOFFLINEPROVISIONPKG,bulk subs offline premium service wrapper for provisioning,,,,,,,,,,,,,,,,,
60002,bulkSubsOfflineScheduleGrant,BULKSUBSOFFLINEGRANTSCHEDULE,bulk subs offline schedule grant,,,,,,,,,,,,,,,,,
65001,capUnlimitedLiSearchSeat,CAPSEAT,Li.com unlimited search seat product,,,,,,,,,,,,,,,,,
67001,capCFCorpSeat,CAPCFSEAT,LinkedIn.com Connectifier Corp product,,,,,,,,,,,,,,,,,
67002,capCFStaffSeat,CAPCFSEAT,LinkedIn.com Connectifier Staff product,,,,,,,,,,,,,,,,,
69001,capAutomatedSourcingSeat,CAPSEAT,LinkedIn.com automated sourcing product,,,,,,,,,,,,,,,,,
70001,JYMBIIOfflineProvisionServiceWrapper,JYMBIIOFFLINEPROVISIONPKG,JYMBII offline premium service wrapper for provisioning,,,,,,,,,,,,,,,,,
70006,JobAdsScheduleGrant,JOBADSGRANTSCHEDULE,JOBADS generic schedule grant,,,,,,,,,,,,,,,,,
80001,RecruiterOnlineSMB,RECRUITERPKG,Recruiter Online SMB,,,,,,,,,,,,,,,,,
80002,RecruiterOnline,RECRUITERPKG,Recruiter Online SMB,,,,,,,,,,,,,,,,,
80003,RecruiterSMBSeatUnlockBundle,RECRUITEROFFLINEPKG,Recruiter SMB Bundle With Seat and Profile Unlocks,,,,,,,,,,,,,,,,,
80004,Agency2SeatUnlockBundle,RECRUITEROFFLINEPKG,Agency2 Bundle With Seat and Profile Unlocks,,,,,,,,,,,,,,,,,
80009,RecruiterOnlineSMBWithJob,RECRUITERPKG,Recruiter Online SMB + Job,,,,,,,,,,,,,,,,,
80010,RecruiterOnlineWithJob,RECRUITERPKG,Recruiter Online With Job Slot,,,,,,,,,,,,,,,,,
80011,RecruiterMini,RECRUITERPKG,Recruiter Mini,,,,,,,,,,,,,,,,,
80012,capPdn,CAPPDN,CAP PDN,,,,,,,,,,,,,,,,,
80013,RecruiterMiniWithJobPacks,RECRUITERPKG,Recruiter Mini With Job Packs,,,,,,,,,,,,,,,,,
80014,RecruiterMiniWithJobPacks2,RECRUITERPKG,Recruiter Mini With Job Packs 2,,,,,,,,,,,,,,,,,
80017,capJobPack1,VC,Cap Job Pack 1,,,,,,,,,,,,,,,,,
80018,capJobPack5,VC,Cap Job Pack 5,,,,,,,,,,,,,,,,,
80019,capJobPack10,VC,Cap Job Pack 10,,,,,,,,,,,,,,,,,
90001,offlineWallet,OFFLINEWALLETPKG,Offline Wallet,,,,,,,,,,,,,,,,,
90002,offlineWalletCharge,OFFLINEWALLETCHARGEPKG,Offline Wallet Charge,,,,,,,,,,,,,,,,,
91000,invoiceCharge,INVOICECHARGEPKG,Invoice Charge PKG,,,,,,,,,,,,,,,,,
91001,orderService,SYSTEMSERVICE,Order Service for field order,,,,,,,,,,,,,,,,,
91500,interactiveAuth,INTERACTIVEAUTH,Interactive AUTH feature. This is a Commerce internal enablement feature.,,,,,,,,,,,,,,,,,
92000,invoiceRCharge,INVOICERCHARGEPKG,Invoice Recurring Charge PKG,,,,,,,,,,,,,,,,,
116000,leapAdmin,LEAP,LEAP - Admin,,,,,,,,,,,,,,,,,
118015,LILSub,LILSUB,LI Learning Subscription,,,,,,,,,,,,,,,,,
118016,capRestrictedJobSlot,CAPJOBSLOT,CAP restricted job slot,,,,,,,,,,,,,,,,,
118017,SubsJobSeekerBundle,SUBBNDL,Job Seeker Subscription Bundle,,,,,,,,,,,,,,,,,
118018,LILSubBundle,LILBNDL,LI Learning Subscription Bundle,,,,,,,,,,,,,,,,,
118019,SubsBusinessPlusBundle,SUBBNDL,Business Plus Subscription Bundle,,,,,,,,,,,,,,,,,
118020,SubsJobSeekerWithGroupBundle,SUBBNDL,Job Seeker Subscription Bundle with Group,,,,,,,,,,,,,,,,,
118021,SubsExecutiveBundle,SUBBNDL,Executive Subscription Bundle,,,,,,,,,,,,,,,,,
119016,PromoJobSeekerWithLIL3Month,PROMO,Promotion product for SubsJobSeekerWithLIL for 3 Months,,,,,,,,,,,,,,,,,
119017,PromoJobSeekerWithLIL4Month,PROMO,Promotion product for SubsJobSeekerWithLIL for 4 Months,,,,,,,,,,,,,,,,,
119018,PromoJobSeekerWithLIL6Month,PROMO,Promotion product for SubsJobSeekerWithLIL for 6 Months,,,,,,,,,,,,,,,,,
119019,PromoJobSeekerWithLIL9Month,PROMO,Promotion product for SubsJobSeekerWithLIL for 9 Months,,,,,,,,,,,,,,,,,
119020,PromoJobSeekerWithLIL12Month,PROMO,Promotion product for SubsJobSeekerWithLIL for 12 Months,,,,,,,,,,,,,,,,,
119021,PromoBusinessPlusWithLIL3Month,PROMO,Promotion product for SubsBusinessPlusWithLIL for 3 Months,,,,,,,,,,,,,,,,,
119022,PromoBusinessPlusWithLIL4Month,PROMO,Promotion product for SubsBusinessPlusWithLIL for 4 Months,,,,,,,,,,,,,,,,,
119023,PromoBusinessPlusWithLIL6Month,PROMO,Promotion product for SubsBusinessPlusWithLIL for 6 Months,,,,,,,,,,,,,,,,,
119024,PromoBusinessPlusWithLIL9Month,PROMO,Promotion product for SubsBusinessPlusWithLIL for 9 Months,,,,,,,,,,,,,,,,,
119025,PromoBusinessPlusWithLIL12Month,PROMO,Promotion product for SubsBusinessPlusWithLIL for 12 Months,,,,,,,,,,,,,,,,,
119026,PromoCareerWithLIL3Month,PROMO,Promotion product for SubsCareerWithLIL for 3 Months,,,,,,,,,,,,,,,,,
119027,PromoCareerWithLIL4Month,PROMO,Promotion product for SubsCareerWithLIL for 4 Months,,,,,,,,,,,,,,,,,
119028,PromoCareerWithLIL6Month,PROMO,Promotion product for SubsCareerWithLIL for 6 Months,,,,,,,,,,,,,,,,,
119029,PromoCareerWithLIL9Month,PROMO,Promotion product for SubsCareerWithLIL for 9 Months,,,,,,,,,,,,,,,,,
119030,PromoCareerWithLIL12Month,PROMO,Promotion product for SubsCareerWithLIL for 12 Months,,,,,,,,,,,,,,,,,
120001,epActivationPremiumPkg,EPACTIVATIONPKG,EP account activation and premium service creation package,,,,,,,,,,,,,,,,,
120002,epScheduleGrant,EPGRANTSCHEDULE,EP generic schedule grant,,,,,,,,,,,,,,,,,
120003,epProvisionServiceWrapper,EPPROVISIONPKG,Ep premium service wrapper for enterprise platform provision,,,,,,,,,,,,,,,,,
120004,enterprisePlatform,EP_PURCHASE,EP Purchase,,,,,,,,,,,,,,,,,
130200,RecruiterCorporate,RECRUITERPKG,Recruiter Corporate Field Sales,,,,,,,,,,,,,,,,,
130201,RecruiterRPS,RECRUITERPKG,Recruiter Professional Service Field Sales,,,,,,,,,,,,,,,,,
130202,RecruiterAdmin,RECRUITERPKG,Recruiter Admin Field Sales,,,,,,,,,,,,,,,,,
130203,RecruiterSMB,RECRUITERPKG,Recruiter Small Business Field Sales,,,,,,,,,,,,,,,,,
500000,tlpActivationPremiumPkg,TLPACTIVATIONPKG,Talent landing page contract activation and premium service creation package,,,,,,,,,,,,,,,,,
500001,tlpScheduleGrant,TLPGRANTSCHEDULE,Talent landing page generic schedule grant,,,,,,,,,,,,,,,,,
500002,tlpProvisionServiceWrapper,TLPPROVISIONPKG,Talent landing page premium service wrapper for tlp contract provision,,,,,,,,,,,,,,,,,
500100,pipelineBuilderSUBasic,TLP,Pipeline Builder Basic - Sponsored Update,,,,,,,,,,,,,,,,,
500101,pipelineBuilderSUAdvanced,TLP,Pipeline Builder Advanced - Sponsored Update,,,,,,,,,,,,,,,,,
500102,pipelineBuilderSUPremium,TLP,Pipeline Builder Premium - Sponsored Update,,,,,,,,,,,,,,,,,
500103,pipelineBuilderSUUnlimited,TLP,Pipeline Builder Unlimited - Sponsored Update,,,,,,,,,,,,,,,,,
500104,trafficDriverBudget,TLP,Traffic Driver Budget,,,,,,,,,,,,,,,,,
500105,talentLandingPages,TLP,Talent Landing Pages,,,,,,,,,,,,,,,,,
500106,talentLandingPageCoPageEntry,TLP,Talent Landing Page Co Page Entry,,,,,,,,,,,,,,,,,
500110,pipelineBuilderRecAdsBasic,TLP,Pipeline Builder Basic - Recruitment Ads,,,,,,,,,,,,,,,,,
500111,pipelineBuilderRecAdsAdvanced,TLP,Pipeline Builder Advanced - Recruitment Ads,,,,,,,,,,,,,,,,,
500112,pipelineBuilderRecAdsPremium,TLP,Pipeline Builder Premium - Recruitment Ads,,,,,,,,,,,,,,,,,
500113,pipelineBuilderRecAdsUnlimited,TLP,Pipeline Builder Unlimited - Recruitment Ads,,,,,,,,,,,,,,,,,
501000,pipelineBuilderLandingPage,TLP,SKU that captures landing page number for Pipeline Builder,,,,,,,,,,,,,,,,,
5000002,subsWVMP,GROWTH,WVMP free sub,,,,,,,,,,,,,,,,,
5000012,subsJobInsight,GROWTH,JobInsight free sub,,,,,,,,,,,,,,,,,
5001809,SubsTransfer,SUBTRANSFER,Used for calculating credit to transfer from an old sub,,,,,,,,,,,,,,,,,
5002727,hiringPlatformProjectSlot,HPSLOT,Hiring Platform project slot,,,,,,,,,,,,,,,,,
5002737,hiringPlatformFeatures,HPFEATURE,Hiring Platform SMB features,,,,,,,,,,,,,,,,,
5002747,jobsPPCCredit,ACCTBALJOBSPPC,Jobs PPC credit,,,,,,,,,,,,,,,,,
5003406,workWithUsAds,ADS,Work with us' banner ads displayed on company employee profile pages,,,,,,,,,,,,,,,,,
5004202,SubsPremiumLILInstant,SUBPKG,Creditcard-less LIL instant free trial,,,,,,,,,,,,,,,,,
5034509,skueditTestProductCode1,BULK_PACKAGE,SKU Edit Test Product Code 1,,,,,,,,,,,,,,,,,
5034519,skueditTestProductCode1Bundle1,BULK_PACKAGE,SKU Edit Test Product Code 1 Bundle 1,,,,,,,,,,,,,,,,,
5034529,skueditTestProductCode1Bundle2,BULK_PACKAGE,SKU Edit Test Product Code 1 Bundle 2,,,,,,,,,,,,,,,,,
5037004,RecruiterHiringManagerLicense,CAPLICENSE,Recruiter Hiring Manager License,,,,,,,,,,,,,,,,,
5037014,RecruiterAdminLicense,CAPLICENSE,Recruiter Admin License,,,,,,,,,,,,,,,,,
5037024,RecruiterSourcerLicense,CAPLICENSE,Recruiter Contract License,,,,,,,,,,,,,,,,,
5037034,RecruiterLiteLicense,CAPLICENSE,Recruiter Lite License,,,,,,,,,,,,,,,,,
5037044,RecruiterAgency2License,CAPLICENSE,Recruiter Agency2 License,,,,,,,,,,,,,,,,,
5037054,RecruiterSMBLicense,CAPLICENSE,Recruiter SMB License,,,,,,,,,,,,,,,,,
5037064,RecruiterSMBLicenseUnlockBundle,RECRUITEROFFLINEPKG,Recruiter SMB Bundle With License and Profile Unlocks,,,,,,,,,,,,,,,,,
5037074,Agency2LicenseUnlockBundle,RECRUITEROFFLINEPKG,Agency2 Bundle With License and Profile Unlocks,,,,,,,,,,,,,,,,,
5037084,RecruiterLite,RECRUITERPKG,Recruiter Lite Package for Field Sales,,,,,,,,,,,,,,,,,
5047007,prepaidJymbii,PREPAIDJYMBII,Prepaid Sponsored JYMBII Field Product,,,,,,,,,,,,,,,,,
5050209,jobsPPCCreditStandalone,ACCTBALJOBSPPC,PPC credit standalone,,,,,,,,,,,,,,,,,
5051232,RecruiterJobManagerLicense,CAPLICENSE,Recruiter Job Manager License,,,,,,,,,,,,,,,,,
5051242,JobsDashboardManager,RECRUITERPKG,Job Manager Field Sales Package,,,,,,,,,,,,,,,,,
5051252,AdminDashboardManager,RECRUITERPKG,Administrator Dashboard Manager Field Sales Package,,,,,,,,,,,,,,,,,
5051407,SMBBundleRCorp1JS,RECRUITERPKG,Recruiter Corporate plus 1 job slot bundle for go/Quipu,,,,,,,,,,,,,,,,,
5051417,SMBBundleRCorp2JS,RECRUITERPKG,Recruiter Corporate plus 2 job slots bundle for go/Quipu,,,,,,,,,,,,,,,,,
5051427,SMBBundleRCorp3JS,RECRUITERPKG,Recruiter Corporate plus 3 job slots bundle for go/Quipu,,,,,,,,,,,,,,,,,
5052007,jobWrapping,JOBWRAPPING,Job wrapping sources jobs from external sources and posts them on LinkedIn using job slots,,,,,,,,,,,,,,,,,
5052216,TalentInsights,TALENTINSIGHTS,Talent Insights CORP Standalone/Add-On Seats for Starter/Advisor,,,,,,,,,,,,,,,,,
5052612,proposalService,SYSTEMSERVICE,Proposal Service for field order,,,,,,,,,,,,,,,,,
5052817,TalentInsightsStaffing,TALENTINSIGHTSPACKAGE,Talent Insights STFF Platform Access,,,,,,,,,,,,,,,,,
5054401,TalentInsightsLeader,TALENTINSIGHTS,Talent Insights CORP Platform Access for Recruiter Corp Users,,,,,,,,,,,,,,,,,
5054602,TalentInsightsLeaderStandalone,TALENTINSIGHTS,Talent Insights CORP Standalone/Add-On Seats for Leader,,,,,,,,,,,,,,,,,
5054805,TalentPipeline,RECRUITERPKG,Talent Pipeline seat,,,,,,,,,,,,,,,,,
5054815,RecruiterTalentPipelineLicense,CAPLICENSE,Recruiter Talent Pipeline License,,,,,,,,,,,,,,,,,
5055044,LILStandardPkg,LILPKG,LI Learning Standard Subscription,,,,,,,,,,,,,,,,,
5055206,adsInvoiceActivationPkg,ADSINVPKG,Ads invoice package for activating ads service. Invoice generation source is commerce (not oracle),,,,,,,,,,,,,,,,,
5055605,expert30,COACHING,"Pilot for a one-off, non-recurring SKU for 30-minutes with a career coach. Service will be provisioned manually with an email sent out by GCO to schedule the session with a coach.",,,,,,,,,,,,,,,,,
5055615,expert10,COACHING,"Pilot for a one-off, non-recurring SKU for 10-minutes with a career coach. Service will be provisioned manually with an email sent out by GCO to schedule the session with a coach.",,,,,,,,,,,,,,,,,
5056022,financeTransaction,FINANCETRANSACTION,Product used for referencing a Finance Transaction (Charge/Refund). This product is intended for field orders and charges originating from Oracle for offline/field contracts. Related link: http://go/abacus/wallet/financetransaction,,,,,,,,,,,,,,,,,
5056406,TalentHubBundle,RECRUITEROFFLINEPKG,Talent Hub Bundle with licenses,,,,,,,,,,,,,,,,,
5056416,HpSeatCountLicense,CAPSEAT,Hiring Platform Seat Count License,,,,,,,,,,,,,,,,,
5056426,HpProjectCreator,CAPSEAT,Hiring Platform Project Creator License,,,,,,,,,,,,,,,,,
5056436,HpCollaborator,CAPSEAT,Hiring Platform Collaborator License,,,,,,,,,,,,,,,,,
5056446,HpEmployee,CAPSEAT,Hiring Platform Employee License,,,,,,,,,,,,,,,,,
5056459,talentAdsActivationPkg,TALENTMEDIAPKG,"Talent Ads - covers talent media (starting with SUs and RecAds) for LTS customers purchasing media. Includes single sku regardless of campaign type, and pay-on-delivery",,,,,,,,,,,,,,,,,
5064347,TalentInsightsStarterBundle1,TALENTINSIGHTSPACKAGE,Talent Insights CORP Starter <1K customer segment,,,,,,,,,,,,,,,,,
5064357,TalentInsightsStarterBundle2,TALENTINSIGHTSPACKAGE,Talent Insights CORP Starter 1K-10K customer segment,,,,,,,,,,,,,,,,,
5064367,TalentInsightsStarterBundle3,TALENTINSIGHTSPACKAGE,Talent Insights CORP Starter 10K-25K customer segment,,,,,,,,,,,,,,,,,
5064377,TalentInsightsStarterBundle4,TALENTINSIGHTSPACKAGE,Talent Insights CORP Starter >25K customer segment,,,,,,,,,,,,,,,,,
5064387,TalentInsightsAdvisorBundle1,TALENTINSIGHTSPACKAGE,Talent Insights CORP Advisor <1K customer segment,,,,,,,,,,,,,,,,,
5064397,TalentInsightsAdvisorBundle2,TALENTINSIGHTSPACKAGE,Talent Insights CORP Advisor 1K-10K customer segment,,,,,,,,,,,,,,,,,
5064407,TalentInsightsAdvisorBundle3,TALENTINSIGHTSPACKAGE,Talent Insights CORP Advisor 10K-25K customer segment,,,,,,,,,,,,,,,,,
5064417,TalentInsightsAdvisorBundle4,TALENTINSIGHTSPACKAGE,Talent Insights CORP Advisor >25K customer segment,,,,,,,,,,,,,,,,,
5064427,TalentInsightsLeaderBundle1,TALENTINSIGHTSPACKAGE,Talent Insights CORP Leader <1K customer segment,,,,,,,,,,,,,,,,,
5064437,TalentInsightsLeaderBundle2,TALENTINSIGHTSPACKAGE,Talent Insights CORP Leader 1K-10K customer segment,,,,,,,,,,,,,,,,,
5064447,TalentInsightsLeaderBundle3,TALENTINSIGHTSPACKAGE,Talent Insights CORP Leader 10K-25K customer segment,,,,,,,,,,,,,,,,,
5064457,TalentInsightsLeaderBundle4,TALENTINSIGHTSPACKAGE,Talent Insights CORP Leader >25K customer segment,,,,,,,,,,,,,,,,,
5065664,TalentInsightsCommercial,TALENTINSIGHTS,LinkedIn Talent Insights (LTI) for Commercial Use allows customers to share LTI data with their own clients for commercial purposes.,,,,,,,,,,,,,,,,,
5065769,SalesInsights,SALESINSIGHTS,Sales planning and analytics tool with access to Linkedin company and market-level insights,,,,,,,,,,,,,,,,,
5065779,SalesInsightsExport,SALESINSIGHTS,"Ability to purchase credits to export company-level data from LSI, plus track credit usage",,,,,,,,,,,,,,,,,
5065789,SalesInsightsPostExport,SALESINSIGHTS,Post Download Exercise,,,,,,,,,,,,,,,,,
5065847,RecruiterCorporateFrance,RECRUITERPKG,"LinkedIn Recruiter account with team collaboration, auditing, and unparalleled network search capabilities within France. The Geo-Fenced Services purchased under this Order Form are restricted to use within France only.",,,,,,,,,,,,,,,,,
5065857,RecruiterCorporateFranceSMB,RECRUITERPKG,"LinkedIn Recruiter account with team collaboration, auditing, and unparalleled network search capabilities within France and SMBs. The Geo-Fenced Services purchased under this Order Form are restricted to use within France only.",,,,,,,,,,,,,,,,,
5065896,resumeReview,COACHING,"One-off, non-recurring SKU for resumee review with a career coach. Service will be provisioned manually with an email sent out by GCO to schedule the review with a coach.",,,,,,,,,,,,,,,,,
5066285,recruitmentMediaOverviewTab,CCP,Recruitment Media (Overview Tab),,,,,,,,,,,,,,,,,
5066915,directToCustomerApplyWithLinkedIn,INTEGRATIONSERVICES,"Apply with LinkedIn (AWLI) is a a plugin that customers can implement on their external career site, which enables candidates to apply using their LinkedIn profile information. Applicant data is sent directly to the ATS, and Apply Starters are also surfaced in Spotlights in LinkedIn Recruiter.",,,,,,,,,,,,,,,,,
5066925,directToCustomerEasyApply,INTEGRATIONSERVICES,Easy Apply is an ATS integration that enables customers to host their application flow on LinkedIn.com. This mobile-friendly experience typically results in more qualified applications for customers and sends all application data directly into the ATS,,,,,,,,,,,,,,,,,
5066935,directToCustomerRecruiterSystemConnect,INTEGRATIONSERVICES,Recruiter System Connect (RSC) is an integration between LinkedIn Recruiter and designed to simplify the hiring process & save recruiters time,,,,,,,,,,,,,,,,,
5066945,careerPageSilverPlusSMB,CCP,"Custom content on LinkedIn company profile page. Includes: preferred placement on company page for custom content, careers tab and customizable modules on the careers tab. 12-month package includes up to 166,667 targeted ad impressions; contracts for fewer or more than 12 months will include a prorated number of targeted ad impressions.",,,,,,,,,,,,,,,,,
5066955,jobWrappingIndia,JOBWRAPPING,Client's jobs will automatically be wrapped from one source to Linkedin Job Slots,,,,,,,,,,,,,,,,,
5066965,workWithUSAdsIndia,ADS,Work With Us banner ads displayed on company employee profile pages.,,,,,,,,,,,,,,,,,
5066975,additionalProfessionalInMail,INMSUB,Premium members have the option to purchase additional InMail credits on per unit basis when monthly Premium InMail credits have been used. Each unit of InMail is only good for 90 days from the start date and can be utilized at any point within the 90 days.,,,,,,,,,,,,,,,,,
5067685,jobPosts,JOBSP4PPOSTING,Job posting with the ability to set and adjust promotion,,,,,,,,,,,,,,,,,
5067695,jobPostsDelivery,JOBSRCHARGE,Accrued spend across job posts on the contract,,,,,,,,,,,,,,,,,
5070902,OnePremiumSubsTier1,SUBPKG,Essentials subscription plan,,,,,,,,,,,,,,,,,
5070912,OnePremiumSubsTier2,SUBPKG,Pro subscription plan,,,,,,,,,,,,,,,,,
5072283,SalesInsightsBasic,SALESINSIGHTS,LSI Basic Tier (10 seats; 20K downloads),,,,,,,,,,,,,,,,,
5072293,SalesInsightsGrowth,SALESINSIGHTS,LSI Growth Tier (100 seats; 100K downloads),,,,,,,,,,,,,,,,,
5072303,SalesInsightsComplete,SALESINSIGHTS,LSI Complete Tier (100 seats; 300K downloads),,,,,,,,,,,,,,,,,
5072313,SalesInsightsFreeTrial,SALESINSIGHTS,LSI Free Trial (20 seats; 10 downloads),,,,,,,,,,,,,,,,,
5072323,SalesInsightsSeatAddOn,SALESINSIGHTS,LSI Seat Add-On (10 seats),,,,,,,,,,,,,,,,,
5072333,SalesInsightsDownloadAddOn,SALESINSIGHTS,LSI Download Add-On (20K downloads),,,,,,,,,,,,,,,,,
5072446,directToCustomerInternalTalentManagement,INTEGRATIONSERVICES,"Direct-to-Customer Platform integration leveraging the LinkedIn member full profile data to enable Internal Talent Management use cases, such as Internal Mobility, Employee Analytics & Corporate Directory.",,,,,,,,,,,,,,,,,
5072456,directToCustomerStaffingWidgetOnly,INTEGRATIONSERVICES,"Custom integration of proprietary system with LinkedIn widgets and APIs for companies with 1000+ recruiting professionals. Includes: Profile widgets, Data API access, ""in ATS"" badge inside Recruiter, and consulting service (solution architecture, on-boarding, continuous training & support). Up to 5M records.",,,,,,,,,,,,,,,,,
5248642,UsageBasedGenericPilot,CAPJOBSLOT,Hiring Early Access,,,,,,,,,,,,,,,,,
5243645,PremiumExecutive,SUBPKG,Premium Executive,,,,,,,,,,,,,,,,,
5258751,PremiumSmallBusinessEntitlements,ENT,Premium Small Business Entitlements,,,,,,,,,,,,,,,,,
5277852,PremiumSmallBusinessFlagship,SUBPKG,Premium Small Business Flagship,,,,,,,,,,,,,,,,,
5281285,onlineJobsCreditsMobile,ACCTBALJOBSPPC,OJ credit to purchase on mobile platform,,,,,,,,,,,,,,,,,
5312742,RecruiterRPSPlus,RECRUITERPKG,Recruiter Professional Services Plus,,,,,,,,,,,,,,,,,